Fail Type;Vin;MOS Type;Node;Fail?;Failed bits;Time_start;Time_end;Voltage
slope;1.19;CMOS_N;C_F_C10_NDBIAS;0;[0, 0, 0, 0, 0, 0];[0, 0, 0, 0, 0, 0];[0, 0, 0, 0, 0, 0];[0, 0, 0, 0, 0, 0]
slope;1.19;CMOS_N;C_F_C10_NDNEG;0;[0, 0, 0, 0, 0, 0];[0, 0, 0, 0, 0, 0];[0, 0, 0, 0, 0, 0];[0, 0, 0, 0, 0, 0]
slope;1.19;CMOS_N;C_F_C10_NDPOS;0;[0, 0, 0, 0, 0, 0];[0, 0, 0, 0, 0, 0];[0, 0, 0, 0, 0, 0];[0, 0, 0, 0, 0, 0]
slope;1.19;CMOS_N;C_F_C11_NDBIAS;0;[0, 0, 0, 0, 0, 0];[0, 0, 0, 0, 0, 0];[0, 0, 0, 0, 0, 0];[0, 0, 0, 0, 0, 0]
slope;1.19;CMOS_N;C_F_C11_NDNEG;0;[0, 0, 0, 0, 0, 0];[0, 0, 0, 0, 0, 0];[0, 0, 0, 0, 0, 0];[0, 0, 0, 0, 0, 0]
slope;1.19;CMOS_N;C_F_C11_NDPOS;0;[0, 0, 0, 0, 0, 0];[0, 0, 0, 0, 0, 0];[0, 0, 0, 0, 0, 0];[0, 0, 0, 0, 0, 0]
slope;1.19;CMOS_N;C_F_C12_NDBIAS;0;[0, 0, 0, 0, 0, 0];[0, 0, 0, 0, 0, 0];[0, 0, 0, 0, 0, 0];[0, 0, 0, 0, 0, 0]
slope;1.19;CMOS_N;C_F_C12_NDNEG;0;[0, 0, 0, 0, 0, 0];[0, 0, 0, 0, 0, 0];[0, 0, 0, 0, 0, 0];[0, 0, 0, 0, 0, 0]
slope;1.19;CMOS_N;C_F_C12_NDPOS;0;[0, 0, 0, 0, 0, 0];[0, 0, 0, 0, 0, 0];[0, 0, 0, 0, 0, 0];[0, 0, 0, 0, 0, 0]
slope;1.19;CMOS_N;C_F_C13_NDBIAS;0;[0, 0, 0, 0, 0, 0];[0, 0, 0, 0, 0, 0];[0, 0, 0, 0, 0, 0];[0, 0, 0, 0, 0, 0]
slope;1.19;CMOS_N;C_F_C13_NDNEG;0;[0, 0, 0, 0, 0, 0];[0, 0, 0, 0, 0, 0];[0, 0, 0, 0, 0, 0];[0, 0, 0, 0, 0, 0]
slope;1.19;CMOS_N;C_F_C13_NDPOS;0;[0, 0, 0, 0, 0, 0];[0, 0, 0, 0, 0, 0];[0, 0, 0, 0, 0, 0];[0, 0, 0, 0, 0, 0]
slope;1.19;CMOS_N;C_F_C14_NDBIAS;0;[0, 0, 0, 0, 0, 0];[0, 0, 0, 0, 0, 0];[0, 0, 0, 0, 0, 0];[0, 0, 0, 0, 0, 0]
slope;1.19;CMOS_N;C_F_C14_NDNEG;0;[0, 0, 0, 0, 0, 0];[0, 0, 0, 0, 0, 0];[0, 0, 0, 0, 0, 0];[0, 0, 0, 0, 0, 0]
slope;1.19;CMOS_N;C_F_C14_NDPOS;0;[0, 0, 0, 0, 0, 0];[0, 0, 0, 0, 0, 0];[0, 0, 0, 0, 0, 0];[0, 0, 0, 0, 0, 0]
slope;1.19;CMOS_N;C_F_C15_NDBIAS;0;[0, 0, 0, 0, 0, 0];[0, 0, 0, 0, 0, 0];[0, 0, 0, 0, 0, 0];[0, 0, 0, 0, 0, 0]
slope;1.19;CMOS_N;C_F_C15_NDNEG;0;[0, 0, 0, 0, 0, 0];[0, 0, 0, 0, 0, 0];[0, 0, 0, 0, 0, 0];[0, 0, 0, 0, 0, 0]
slope;1.19;CMOS_N;C_F_C15_NDPOS;0;[0, 0, 0, 0, 0, 0];[0, 0, 0, 0, 0, 0];[0, 0, 0, 0, 0, 0];[0, 0, 0, 0, 0, 0]
slope;1.19;CMOS_N;C_F_C16_NDBIAS;0;[0, 0, 0, 0, 0, 0];[0, 0, 0, 0, 0, 0];[0, 0, 0, 0, 0, 0];[0, 0, 0, 0, 1.0000002447, 0]
slope;1.19;CMOS_N;C_F_C16_NDNEG;0;[0, 0, 0, 0, 0, 0];[0, 0, 0, 0, 0, 0];[0, 0, 0, 0, 0, 0];[0, 0, 0, 0, 1.0000002548, 0]
slope;1.19;CMOS_N;C_F_C16_NDPOS;0;[0, 0, 0, 0, 0, 0];[0, 0, 0, 0, 0, 0];[0, 0, 0, 0, 0, 0];[0, 0, 0, 0, 1.0000016439999999, 0]
slope;1.19;CMOS_N;C_F_C17_NDBIAS;0;[0, 0, 0, 0, 0, 0];[0, 0, 0, 0, 0, 0];[0, 0, 0, 0, 0, 0];[0, 0, 0, 0, 0, 0]
slope;1.19;CMOS_N;C_F_C17_NDNEG;0;[0, 0, 0, 0, 0, 0];[0, 0, 0, 0, 0, 0];[0, 0, 0, 0, 0, 0];[0, 0, 0, 0, 0, 0]
slope;1.19;CMOS_N;C_F_C17_NDPOS;0;[0, 0, 0, 0, 0, 0];[0, 0, 0, 0, 0, 0];[0, 0, 0, 0, 0, 0];[0, 0, 0, 0, 0, 0]
slope;1.19;CMOS_N;C_F_C18_NDBIAS;0;[0, 0, 0, 0, 0, 0];[0, 0, 0, 0, 0, 0];[0, 0, 0, 0, 0, 0];[0, 0, 0, 0, 0, 0]
slope;1.19;CMOS_N;C_F_C18_NDNEG;0;[0, 0, 0, 0, 0, 0];[0, 0, 0, 0, 0, 0];[0, 0, 0, 0, 0, 0];[0, 0, 0, 0, 0, 0]
slope;1.19;CMOS_N;C_F_C18_NDPOS;0;[0, 0, 0, 0, 0, 0];[0, 0, 0, 0, 0, 0];[0, 0, 0, 0, 0, 0];[0, 0, 0, 0, 0, 0]
slope;1.19;CMOS_N;C_F_C19_NDBIAS;0;[0, 0, 0, 0, 0, 0];[0, 0, 0, 0, 0, 0];[0, 0, 0, 0, 0, 0];[0, 0, 0, 0, 0, 0]
slope;1.19;CMOS_N;C_F_C19_NDNEG;0;[0, 0, 0, 0, 0, 0];[0, 0, 0, 0, 0, 0];[0, 0, 0, 0, 0, 0];[0, 0, 0, 0, 0, 0]
slope;1.19;CMOS_N;C_F_C19_NDPOS;0;[0, 0, 0, 0, 0, 0];[0, 0, 0, 0, 0, 0];[0, 0, 0, 0, 0, 0];[0, 0, 0, 0, 0, 0]
slope;1.19;CMOS_N;C_F_C1_NDBIAS;0;[0, 0, 0, 0, 0, 0];[0, 0, 0, 0, 0, 0];[0, 0, 0, 0, 0, 0];[0, 0, 0, 0, 0, 0]
slope;1.19;CMOS_N;C_F_C1_NDNEG;0;[0, 0, 0, 0, 0, 0];[0, 0, 0, 0, 0, 0];[0, 0, 0, 0, 0, 0];[0, 0, 0, 0, 0, 0]
slope;1.19;CMOS_N;C_F_C1_NDPOS;0;[0, 0, 0, 0, 0, 0];[0, 0, 0, 0, 0, 0];[0, 0, 0, 0, 0, 0];[0, 0, 0, 0, 0, 0]
slope;1.19;CMOS_N;C_F_C20_NDBIAS;0;[0, 0, 0, 0, 0, 0];[0, 0, 0, 0, 0, 0];[0, 0, 0, 0, 0, 0];[0, 0, 0, 0, 0, 0]
slope;1.19;CMOS_N;C_F_C20_NDNEG;0;[0, 0, 0, 0, 0, 0];[0, 0, 0, 0, 0, 0];[0, 0, 0, 0, 0, 0];[0, 0, 0, 0, 0, 0]
slope;1.19;CMOS_N;C_F_C20_NDPOS;0;[0, 0, 0, 0, 0, 0];[0, 0, 0, 0, 0, 0];[0, 0, 0, 0, 0, 0];[0, 0, 0, 0, 0, 0]
slope;1.19;CMOS_N;C_F_C21_NDBIAS;0;[0, 0, 0, 0, 0, 0];[0, 0, 0, 0, 0, 0];[0, 0, 0, 0, 0, 0];[0, 0, 0, 0, 0, 0]
slope;1.19;CMOS_N;C_F_C21_NDNEG;0;[0, 0, 0, 0, 0, 0];[0, 0, 0, 0, 0, 0];[0, 0, 0, 0, 0, 0];[0, 0, 0, 0, 0, 0]
slope;1.19;CMOS_N;C_F_C21_NDPOS;0;[0, 0, 0, 0, 0, 0];[0, 0, 0, 0, 0, 0];[0, 0, 0, 0, 0, 0];[0, 0, 0, 0, 0, 0]
slope;1.19;CMOS_N;C_F_C22_NDBIAS;0;[0, 0, 0, 0, 0, 0];[0, 0, 0, 0, 0, 0];[0, 0, 0, 0, 0, 0];[0, 0, 0, 0, 0, 0]
slope;1.19;CMOS_N;C_F_C22_NDNEG;0;[0, 0, 0, 0, 0, 0];[0, 0, 0, 0, 0, 0];[0, 0, 0, 0, 0, 0];[0, 0, 0, 0, 0, 0]
slope;1.19;CMOS_N;C_F_C22_NDPOS;0;[0, 0, 0, 0, 0, 0];[0, 0, 0, 0, 0, 0];[0, 0, 0, 0, 0, 0];[0, 0, 0, 0, 0, 0]
slope;1.19;CMOS_N;C_F_C23_NDBIAS;0;[0, 0, 0, 0, 0, 0];[0, 0, 0, 0, 0, 0];[0, 0, 0, 0, 0, 0];[0, 0, 0, 0, 0, 0]
slope;1.19;CMOS_N;C_F_C23_NDNEG;0;[0, 0, 0, 0, 0, 0];[0, 0, 0, 0, 0, 0];[0, 0, 0, 0, 0, 0];[0, 0, 0, 0, 0, 0]
slope;1.19;CMOS_N;C_F_C23_NDPOS;0;[0, 0, 0, 0, 0, 0];[0, 0, 0, 0, 0, 0];[0, 0, 0, 0, 0, 0];[0, 0, 0, 0, 0, 0]
slope;1.19;CMOS_N;C_F_C24_NDBIAS;0;[0, 0, 0, 0, 0, 0];[0, 0, 0, 0, 0, 0];[0, 0, 0, 0, 0, 0];[0, 0, 0, 0, 0, 0]
slope;1.19;CMOS_N;C_F_C24_NDNEG;0;[0, 0, 0, 0, 0, 0];[0, 0, 0, 0, 0, 0];[0, 0, 0, 0, 0, 0];[0, 0, 0, 0, 0, 0]
slope;1.19;CMOS_N;C_F_C24_NDPOS;0;[0, 0, 0, 0, 0, 0];[0, 0, 0, 0, 0, 0];[0, 0, 0, 0, 0, 0];[0, 0, 0, 0, 0, 0]
slope;1.19;CMOS_N;C_F_C25_NDBIAS;0;[0, 0, 0, 0, 0, 0];[0, 0, 0, 0, 0, 0];[0, 0, 0, 0, 0, 0];[0, 0, 0, 0, 0, 0]
slope;1.19;CMOS_N;C_F_C25_NDNEG;0;[0, 0, 0, 0, 0, 0];[0, 0, 0, 0, 0, 0];[0, 0, 0, 0, 0, 0];[0, 0, 0, 0, 0, 0]
slope;1.19;CMOS_N;C_F_C25_NDPOS;0;[0, 0, 0, 0, 0, 0];[0, 0, 0, 0, 0, 0];[0, 0, 0, 0, 0, 0];[0, 0, 0, 0, 0, 0]
slope;1.19;CMOS_N;C_F_C26_NDBIAS;0;[0, 0, 0, 0, 0, 0];[0, 0, 0, 0, 0, 0];[0, 0, 0, 0, 0, 0];[0, 0, 0, 0, 0, 0]
slope;1.19;CMOS_N;C_F_C26_NDNEG;0;[0, 0, 0, 0, 0, 0];[0, 0, 0, 0, 0, 0];[0, 0, 0, 0, 0, 0];[0, 0, 0, 0, 0, 0]
slope;1.19;CMOS_N;C_F_C26_NDPOS;0;[0, 0, 0, 0, 0, 0];[0, 0, 0, 0, 0, 0];[0, 0, 0, 0, 0, 0];[0, 0, 0, 0, 0, 0]
slope;1.19;CMOS_N;C_F_C27_NDBIAS;0;[0, 0, 0, 0, 0, 0];[0, 0, 0, 0, 0, 0];[0, 0, 0, 0, 0, 0];[0, 0, 0, 0, 0, 0]
slope;1.19;CMOS_N;C_F_C27_NDNEG;0;[0, 0, 0, 0, 0, 0];[0, 0, 0, 0, 0, 0];[0, 0, 0, 0, 0, 0];[0, 0, 0, 0, 0, 0]
slope;1.19;CMOS_N;C_F_C27_NDPOS;0;[0, 0, 0, 0, 0, 0];[0, 0, 0, 0, 0, 0];[0, 0, 0, 0, 0, 0];[0, 0, 0, 0, 0, 0]
slope;1.19;CMOS_N;C_F_C28_NDBIAS;0;[0, 0, 0, 0, 0, 0];[0, 0, 0, 0, 0, 0];[0, 0, 0, 0, 0, 0];[0, 0, 0, 0, 0, 0]
slope;1.19;CMOS_N;C_F_C28_NDNEG;0;[0, 0, 0, 0, 0, 0];[0, 0, 0, 0, 0, 0];[0, 0, 0, 0, 0, 0];[0, 0, 0, 0, 0, 0]
slope;1.19;CMOS_N;C_F_C28_NDPOS;0;[0, 0, 0, 0, 0, 0];[0, 0, 0, 0, 0, 0];[0, 0, 0, 0, 0, 0];[0, 0, 0, 0, 0, 0]
slope;1.19;CMOS_N;C_F_C29_NDBIAS;0;[0, 0, 0, 0, 0, 0];[0, 0, 0, 0, 0, 0];[0, 0, 0, 0, 0, 0];[0, 0, 0, 0, 0, 0]
slope;1.19;CMOS_N;C_F_C29_NDNEG;0;[0, 0, 0, 0, 0, 0];[0, 0, 0, 0, 0, 0];[0, 0, 0, 0, 0, 0];[0, 0, 0, 0, 0, 0]
slope;1.19;CMOS_N;C_F_C29_NDPOS;0;[0, 0, 0, 0, 0, 0];[0, 0, 0, 0, 0, 0];[0, 0, 0, 0, 0, 0];[0, 0, 0, 0, 0, 0]
slope;1.19;CMOS_N;C_F_C2_NDBIAS;0;[0, 0, 0, 0, 0, 0];[0, 0, 0, 0, 0, 0];[0, 0, 0, 0, 0, 0];[0, 0, 0, 0, 0, 0]
slope;1.19;CMOS_N;C_F_C2_NDNEG;0;[0, 0, 0, 0, 0, 0];[0, 0, 0, 0, 0, 0];[0, 0, 0, 0, 0, 0];[0, 0, 0, 0, 0, 0]
slope;1.19;CMOS_N;C_F_C2_NDPOS;0;[0, 0, 0, 0, 0, 0];[0, 0, 0, 0, 0, 0];[0, 0, 0, 0, 0, 0];[0, 0, 0, 0, 0, 0]
slope;1.19;CMOS_N;C_F_C30_NDBIAS;0;[0, 0, 0, 0, 0, 0];[0, 0, 0, 0, 0, 0];[0, 0, 0, 0, 0, 0];[0, 0, 0, 0, 0, 0]
slope;1.19;CMOS_N;C_F_C30_NDNEG;0;[0, 0, 0, 0, 0, 0];[0, 0, 0, 0, 0, 0];[0, 0, 0, 0, 0, 0];[0, 0, 0, 0, 0, 0]
slope;1.19;CMOS_N;C_F_C30_NDPOS;0;[0, 0, 0, 0, 0, 0];[0, 0, 0, 0, 0, 0];[0, 0, 0, 0, 0, 0];[0, 0, 0, 0, 0, 0]
slope;1.19;CMOS_N;C_F_C31_NDBIAS;0;[0, 0, 0, 0, 0, 0];[0, 0, 0, 0, 0, 0];[0, 0, 0, 0, 0, 0];[0, 0, 0, 0, 0, 0]
slope;1.19;CMOS_N;C_F_C31_NDNEG;0;[0, 0, 0, 0, 0, 0];[0, 0, 0, 0, 0, 0];[0, 0, 0, 0, 0, 0];[0, 0, 0, 0, 0, 0]
slope;1.19;CMOS_N;C_F_C31_NDPOS;0;[0, 0, 0, 0, 0, 0];[0, 0, 0, 0, 0, 0];[0, 0, 0, 0, 0, 0];[0, 0, 0, 0, 0, 0]
slope;1.19;CMOS_N;C_F_C32_MSB;0;[0, 0, 0, 0, 0, 0];[0, 0, 0, 0, 0, 0];[0, 0, 0, 0, 0, 0];[0, 0, 0, 0, 1.0000002718000001, 0]
slope;1.19;CMOS_N;C_F_C32_NDBIAS;0;[0, 0, 0, 0, 0, 0];[0, 0, 0, 0, 0, 0];[0, 0, 0, 0, 0, 0];[0, 0, 0, 0, 0, 0]
slope;1.19;CMOS_N;C_F_C32_NDNEG;0;[0, 0, 0, 0, 0, 0];[0, 0, 0, 0, 0, 0];[0, 0, 0, 0, 0, 0];[0, 0, 0, 0, 0, 0]
slope;1.19;CMOS_N;C_F_C32_NDPOS;0;[0, 0, 0, 0, 0, 0];[0, 0, 0, 0, 0, 0];[0, 0, 0, 0, 0, 0];[0, 0, 0, 0, 0, 0]
slope;1.19;CMOS_N;C_F_C33_NDBIAS;0;[0, 0, 0, 0, 0, 0];[0, 0, 0, 0, 0, 0];[0, 0, 0, 0, 0, 0];[0, 0, 0, 0, 0, 0]
slope;1.19;CMOS_N;C_F_C33_NDNEG;0;[0, 0, 0, 0, 0, 0];[0, 0, 0, 0, 0, 0];[0, 0, 0, 0, 0, 0];[0, 0, 0, 0, 0, 0]
slope;1.19;CMOS_N;C_F_C33_NDPOS;0;[0, 0, 0, 0, 0, 0];[0, 0, 0, 0, 0, 0];[0, 0, 0, 0, 0, 0];[0, 0, 0, 0, 0, 0]
slope;1.19;CMOS_N;C_F_C34_NDBIAS;0;[0, 0, 0, 0, 0, 0];[0, 0, 0, 0, 0, 0];[0, 0, 0, 0, 0, 0];[0, 0, 0, 0, 0, 0]
slope;1.19;CMOS_N;C_F_C34_NDNEG;0;[0, 0, 0, 0, 0, 0];[0, 0, 0, 0, 0, 0];[0, 0, 0, 0, 0, 0];[0, 0, 0, 0, 0, 0]
slope;1.19;CMOS_N;C_F_C34_NDPOS;0;[0, 0, 0, 0, 0, 0];[0, 0, 0, 0, 0, 0];[0, 0, 0, 0, 0, 0];[0, 0, 0, 0, 0, 0]
slope;1.19;CMOS_N;C_F_C35_NDBIAS;0;[0, 0, 0, 0, 0, 0];[0, 0, 0, 0, 0, 0];[0, 0, 0, 0, 0, 0];[0, 0, 0, 0, 0, 0]
slope;1.19;CMOS_N;C_F_C35_NDNEG;0;[0, 0, 0, 0, 0, 0];[0, 0, 0, 0, 0, 0];[0, 0, 0, 0, 0, 0];[0, 0, 0, 0, 0, 0]
slope;1.19;CMOS_N;C_F_C35_NDPOS;0;[0, 0, 0, 0, 0, 0];[0, 0, 0, 0, 0, 0];[0, 0, 0, 0, 0, 0];[0, 0, 0, 0, 0, 0]
slope;1.19;CMOS_N;C_F_C36_NDBIAS;0;[0, 0, 0, 0, 0, 0];[0, 0, 0, 0, 0, 0];[0, 0, 0, 0, 0, 0];[0, 0, 0, 0, 0, 0]
slope;1.19;CMOS_N;C_F_C36_NDNEG;0;[0, 0, 0, 0, 0, 0];[0, 0, 0, 0, 0, 0];[0, 0, 0, 0, 0, 0];[0, 0, 0, 0, 0, 0]
slope;1.19;CMOS_N;C_F_C36_NDPOS;0;[0, 0, 0, 0, 0, 0];[0, 0, 0, 0, 0, 0];[0, 0, 0, 0, 0, 0];[0, 0, 0, 0, 0, 0]
slope;1.19;CMOS_N;C_F_C37_NDBIAS;0;[0, 0, 0, 0, 0, 0];[0, 0, 0, 0, 0, 0];[0, 0, 0, 0, 0, 0];[0, 0, 0, 0, 0, 0]
slope;1.19;CMOS_N;C_F_C37_NDNEG;0;[0, 0, 0, 0, 0, 0];[0, 0, 0, 0, 0, 0];[0, 0, 0, 0, 0, 0];[0, 0, 0, 0, 0, 0]
slope;1.19;CMOS_N;C_F_C37_NDPOS;0;[0, 0, 0, 0, 0, 0];[0, 0, 0, 0, 0, 0];[0, 0, 0, 0, 0, 0];[0, 0, 0, 0, 0, 0]
slope;1.19;CMOS_N;C_F_C38_NDBIAS;0;[0, 0, 0, 0, 0, 0];[0, 0, 0, 0, 0, 0];[0, 0, 0, 0, 0, 0];[0, 0, 0, 0, 0, 0]
slope;1.19;CMOS_N;C_F_C38_NDNEG;0;[0, 0, 0, 0, 0, 0];[0, 0, 0, 0, 0, 0];[0, 0, 0, 0, 0, 0];[0, 0, 0, 0, 0, 0]
slope;1.19;CMOS_N;C_F_C38_NDPOS;0;[0, 0, 0, 0, 0, 0];[0, 0, 0, 0, 0, 0];[0, 0, 0, 0, 0, 0];[0, 0, 0, 0, 0, 0]
slope;1.19;CMOS_N;C_F_C39_NDBIAS;0;[0, 0, 0, 0, 0, 0];[0, 0, 0, 0, 0, 0];[0, 0, 0, 0, 0, 0];[0, 0, 0, 0, 0, 0]
slope;1.19;CMOS_N;C_F_C39_NDNEG;0;[0, 0, 0, 0, 0, 0];[0, 0, 0, 0, 0, 0];[0, 0, 0, 0, 0, 0];[0, 0, 0, 0, 0, 0]
slope;1.19;CMOS_N;C_F_C39_NDPOS;0;[0, 0, 0, 0, 0, 0];[0, 0, 0, 0, 0, 0];[0, 0, 0, 0, 0, 0];[0, 0, 0, 0, 0, 0]
slope;1.19;CMOS_N;C_F_C3_NDBIAS;0;[0, 0, 0, 0, 0, 0];[0, 0, 0, 0, 0, 0];[0, 0, 0, 0, 0, 0];[0, 0, 0, 0, 0, 0]
slope;1.19;CMOS_N;C_F_C3_NDNEG;0;[0, 0, 0, 0, 0, 0];[0, 0, 0, 0, 0, 0];[0, 0, 0, 0, 0, 0];[0, 0, 0, 0, 0, 0]
slope;1.19;CMOS_N;C_F_C3_NDPOS;0;[0, 0, 0, 0, 0, 0];[0, 0, 0, 0, 0, 0];[0, 0, 0, 0, 0, 0];[0, 0, 0, 0, 0, 0]
slope;1.19;CMOS_N;C_F_C40_NDBIAS;0;[0, 0, 0, 0, 0, 0];[0, 0, 0, 0, 0, 0];[0, 0, 0, 0, 0, 0];[0, 0, 0, 0, 0, 0]
slope;1.19;CMOS_N;C_F_C40_NDNEG;0;[0, 0, 0, 0, 0, 0];[0, 0, 0, 0, 0, 0];[0, 0, 0, 0, 0, 0];[0, 0, 0, 0, 0, 0]
slope;1.19;CMOS_N;C_F_C40_NDPOS;0;[0, 0, 0, 0, 0, 0];[0, 0, 0, 0, 0, 0];[0, 0, 0, 0, 0, 0];[0, 0, 0, 0, 0, 0]
slope;1.19;CMOS_N;C_F_C41_NDBIAS;0;[0, 0, 0, 0, 0, 0];[0, 0, 0, 0, 0, 0];[0, 0, 0, 0, 0, 0];[0, 0, 0, 0, 0, 0]
slope;1.19;CMOS_N;C_F_C41_NDNEG;0;[0, 0, 0, 0, 0, 0];[0, 0, 0, 0, 0, 0];[0, 0, 0, 0, 0, 0];[0, 0, 0, 0, 0, 0]
slope;1.19;CMOS_N;C_F_C41_NDPOS;0;[0, 0, 0, 0, 0, 0];[0, 0, 0, 0, 0, 0];[0, 0, 0, 0, 0, 0];[0, 0, 0, 0, 0, 0]
slope;1.19;CMOS_N;C_F_C42_NDBIAS;0;[0, 0, 0, 0, 0, 0];[0, 0, 0, 0, 0, 0];[0, 0, 0, 0, 0, 0];[0, 0, 0, 0, 0, 0]
slope;1.19;CMOS_N;C_F_C42_NDNEG;0;[0, 0, 0, 0, 0, 0];[0, 0, 0, 0, 0, 0];[0, 0, 0, 0, 0, 0];[0, 0, 0, 0, 0, 0]
slope;1.19;CMOS_N;C_F_C42_NDPOS;0;[0, 0, 0, 0, 0, 0];[0, 0, 0, 0, 0, 0];[0, 0, 0, 0, 0, 0];[0, 0, 0, 0, 0, 0]
slope;1.19;CMOS_N;C_F_C43_NDBIAS;0;[0, 0, 0, 0, 0, 0];[0, 0, 0, 0, 0, 0];[0, 0, 0, 0, 0, 0];[0, 0, 0, 0, 0, 0]
slope;1.19;CMOS_N;C_F_C43_NDNEG;0;[0, 0, 0, 0, 0, 0];[0, 0, 0, 0, 0, 0];[0, 0, 0, 0, 0, 0];[0, 0, 0, 0, 0, 0]
slope;1.19;CMOS_N;C_F_C43_NDPOS;0;[0, 0, 0, 0, 0, 0];[0, 0, 0, 0, 0, 0];[0, 0, 0, 0, 0, 0];[0, 0, 0, 0, 0, 0]
slope;1.19;CMOS_N;C_F_C44_NDBIAS;0;[0, 0, 0, 0, 0, 0];[0, 0, 0, 0, 0, 0];[0, 0, 0, 0, 0, 0];[0, 0, 0, 0, 0, 0]
slope;1.19;CMOS_N;C_F_C44_NDNEG;0;[0, 0, 0, 0, 0, 0];[0, 0, 0, 0, 0, 0];[0, 0, 0, 0, 0, 0];[0, 0, 0, 0, 0, 0]
slope;1.19;CMOS_N;C_F_C44_NDPOS;0;[0, 0, 0, 0, 0, 0];[0, 0, 0, 0, 0, 0];[0, 0, 0, 0, 0, 0];[0, 0, 0, 0, 0, 0]
slope;1.19;CMOS_N;C_F_C45_NDBIAS;0;[0, 0, 0, 0, 0, 0];[0, 0, 0, 0, 0, 0];[0, 0, 0, 0, 0, 0];[0, 0, 0, 0, 0, 0]
slope;1.19;CMOS_N;C_F_C45_NDNEG;0;[0, 0, 0, 0, 0, 0];[0, 0, 0, 0, 0, 0];[0, 0, 0, 0, 0, 0];[0, 0, 0, 0, 0, 0]
slope;1.19;CMOS_N;C_F_C45_NDPOS;0;[0, 0, 0, 0, 0, 0];[0, 0, 0, 0, 0, 0];[0, 0, 0, 0, 0, 0];[0, 0, 0, 0, 0, 0]
slope;1.19;CMOS_N;C_F_C46_NDBIAS;0;[0, 0, 0, 0, 0, 0];[0, 0, 0, 0, 0, 0];[0, 0, 0, 0, 0, 0];[0, 0, 0, 0, 0, 0]
slope;1.19;CMOS_N;C_F_C46_NDNEG;0;[0, 0, 0, 0, 0, 0];[0, 0, 0, 0, 0, 0];[0, 0, 0, 0, 0, 0];[0, 0, 0, 0, 0, 0]
slope;1.19;CMOS_N;C_F_C46_NDPOS;0;[0, 0, 0, 0, 0, 0];[0, 0, 0, 0, 0, 0];[0, 0, 0, 0, 0, 0];[0, 0, 0, 0, 0, 0]
slope;1.19;CMOS_N;C_F_C47_NDBIAS;0;[0, 0, 0, 0, 0, 0];[0, 0, 0, 0, 0, 0];[0, 0, 0, 0, 0, 0];[0, 0, 0, 0, 0, 0]
slope;1.19;CMOS_N;C_F_C47_NDNEG;0;[0, 0, 0, 0, 0, 0];[0, 0, 0, 0, 0, 0];[0, 0, 0, 0, 0, 0];[0, 0, 0, 0, 0, 0]
slope;1.19;CMOS_N;C_F_C47_NDPOS;0;[0, 0, 0, 0, 0, 0];[0, 0, 0, 0, 0, 0];[0, 0, 0, 0, 0, 0];[0, 0, 0, 0, 0, 0]
slope;1.19;CMOS_N;C_F_C48_NDBIAS;0;[0, 0, 0, 0, 0, 0];[0, 0, 0, 0, 0, 0];[0, 0, 0, 0, 0, 0];[0, 0, 0, 0, 0, 0]
slope;1.19;CMOS_N;C_F_C48_NDNEG;0;[0, 0, 0, 0, 0, 0];[0, 0, 0, 0, 0, 0];[0, 0, 0, 0, 0, 0];[0, 0, 0, 0, 0, 0]
slope;1.19;CMOS_N;C_F_C48_NDPOS;0;[0, 0, 0, 0, 0, 0];[0, 0, 0, 0, 0, 0];[0, 0, 0, 0, 0, 0];[0, 0, 0, 0, 1.0000005781000001, 0]
slope;1.19;CMOS_N;C_F_C49_NDBIAS;0;[0, 0, 0, 0, 0, 0];[0, 0, 0, 0, 0, 0];[0, 0, 0, 0, 0, 0];[0, 0, 0, 0, 0, 0]
slope;1.19;CMOS_N;C_F_C49_NDNEG;0;[0, 0, 0, 0, 0, 0];[0, 0, 0, 0, 0, 0];[0, 0, 0, 0, 0, 0];[0, 0, 0, 0, 0, 0]
slope;1.19;CMOS_N;C_F_C49_NDPOS;0;[0, 0, 0, 0, 0, 0];[0, 0, 0, 0, 0, 0];[0, 0, 0, 0, 0, 0];[0, 0, 0, 0, 0, 0]
slope;1.19;CMOS_N;C_F_C4_NDBIAS;0;[0, 0, 0, 0, 0, 0];[0, 0, 0, 0, 0, 0];[0, 0, 0, 0, 0, 0];[0, 0, 0, 0, 0, 0]
slope;1.19;CMOS_N;C_F_C4_NDNEG;0;[0, 0, 0, 0, 0, 0];[0, 0, 0, 0, 0, 0];[0, 0, 0, 0, 0, 0];[0, 0, 0, 0, 0, 0]
slope;1.19;CMOS_N;C_F_C4_NDPOS;0;[0, 0, 0, 0, 0, 0];[0, 0, 0, 0, 0, 0];[0, 0, 0, 0, 0, 0];[0, 0, 0, 0, 0, 0]
slope;1.19;CMOS_N;C_F_C50_NDBIAS;0;[0, 0, 0, 0, 0, 0];[0, 0, 0, 0, 0, 0];[0, 0, 0, 0, 0, 0];[0, 0, 0, 0, 0, 0]
slope;1.19;CMOS_N;C_F_C50_NDNEG;0;[0, 0, 0, 0, 0, 0];[0, 0, 0, 0, 0, 0];[0, 0, 0, 0, 0, 0];[0, 0, 0, 0, 0, 0]
slope;1.19;CMOS_N;C_F_C50_NDPOS;0;[0, 0, 0, 0, 0, 0];[0, 0, 0, 0, 0, 0];[0, 0, 0, 0, 0, 0];[0, 0, 0, 0, 0, 0]
slope;1.19;CMOS_N;C_F_C51_NDBIAS;0;[0, 0, 0, 0, 0, 0];[0, 0, 0, 0, 0, 0];[0, 0, 0, 0, 0, 0];[0, 0, 0, 0, 0, 0]
slope;1.19;CMOS_N;C_F_C51_NDNEG;0;[0, 0, 0, 0, 0, 0];[0, 0, 0, 0, 0, 0];[0, 0, 0, 0, 0, 0];[0, 0, 0, 0, 0, 0]
slope;1.19;CMOS_N;C_F_C51_NDPOS;0;[0, 0, 0, 0, 0, 0];[0, 0, 0, 0, 0, 0];[0, 0, 0, 0, 0, 0];[0, 0, 0, 0, 0, 0]
slope;1.19;CMOS_N;C_F_C52_NDBIAS;0;[0, 0, 0, 0, 0, 0];[0, 0, 0, 0, 0, 0];[0, 0, 0, 0, 0, 0];[0, 0, 0, 0, 0, 0]
slope;1.19;CMOS_N;C_F_C52_NDNEG;0;[0, 0, 0, 0, 0, 0];[0, 0, 0, 0, 0, 0];[0, 0, 0, 0, 0, 0];[0, 0, 0, 0, 0, 0]
slope;1.19;CMOS_N;C_F_C52_NDPOS;0;[0, 0, 0, 0, 0, 0];[0, 0, 0, 0, 0, 0];[0, 0, 0, 0, 0, 0];[0, 0, 0, 0, 0, 0]
slope;1.19;CMOS_N;C_F_C53_NDBIAS;0;[0, 0, 0, 0, 0, 0];[0, 0, 0, 0, 0, 0];[0, 0, 0, 0, 0, 0];[0, 0, 0, 0, 0, 0]
slope;1.19;CMOS_N;C_F_C53_NDNEG;0;[0, 0, 0, 0, 0, 0];[0, 0, 0, 0, 0, 0];[0, 0, 0, 0, 0, 0];[0, 0, 0, 0, 0, 0]
slope;1.19;CMOS_N;C_F_C53_NDPOS;0;[0, 0, 0, 0, 0, 0];[0, 0, 0, 0, 0, 0];[0, 0, 0, 0, 0, 0];[0, 0, 0, 0, 0, 0]
slope;1.19;CMOS_N;C_F_C54_NDBIAS;0;[0, 0, 0, 0, 0, 0];[0, 0, 0, 0, 0, 0];[0, 0, 0, 0, 0, 0];[0, 0, 0, 0, 0, 0]
slope;1.19;CMOS_N;C_F_C54_NDNEG;0;[0, 0, 0, 0, 0, 0];[0, 0, 0, 0, 0, 0];[0, 0, 0, 0, 0, 0];[0, 0, 0, 0, 0, 0]
slope;1.19;CMOS_N;C_F_C54_NDPOS;0;[0, 0, 0, 0, 0, 0];[0, 0, 0, 0, 0, 0];[0, 0, 0, 0, 0, 0];[0, 0, 0, 0, 0, 0]
slope;1.19;CMOS_N;C_F_C55_NDBIAS;0;[0, 0, 0, 0, 0, 0];[0, 0, 0, 0, 0, 0];[0, 0, 0, 0, 0, 0];[0, 0, 0, 0, 0, 0]
slope;1.19;CMOS_N;C_F_C55_NDNEG;0;[0, 0, 0, 0, 0, 0];[0, 0, 0, 0, 0, 0];[0, 0, 0, 0, 0, 0];[0, 0, 0, 0, 0, 0]
slope;1.19;CMOS_N;C_F_C55_NDPOS;0;[0, 0, 0, 0, 0, 0];[0, 0, 0, 0, 0, 0];[0, 0, 0, 0, 0, 0];[0, 0, 0, 0, 0, 0]
slope;1.19;CMOS_N;C_F_C56_NDBIAS;0;[0, 0, 0, 0, 0, 0];[0, 0, 0, 0, 0, 0];[0, 0, 0, 0, 0, 0];[0, 0, 0, 0, 0, 0]
slope;1.19;CMOS_N;C_F_C56_NDNEG;0;[0, 0, 0, 0, 0, 0];[0, 0, 0, 0, 0, 0];[0, 0, 0, 0, 0, 0];[0, 0, 0, 0, 0, 0]
slope;1.19;CMOS_N;C_F_C56_NDPOS;0;[0, 0, 0, 0, 0, 0];[0, 0, 0, 0, 0, 0];[0, 0, 0, 0, 0, 0];[0, 0, 0, 0, 0, 0]
slope;1.19;CMOS_N;C_F_C57_NDBIAS;0;[0, 0, 0, 0, 0, 0];[0, 0, 0, 0, 0, 0];[0, 0, 0, 0, 0, 0];[0, 0, 0, 0, 0, 0]
slope;1.19;CMOS_N;C_F_C57_NDNEG;0;[0, 0, 0, 0, 0, 0];[0, 0, 0, 0, 0, 0];[0, 0, 0, 0, 0, 0];[0, 0, 0, 0, 0, 0]
slope;1.19;CMOS_N;C_F_C57_NDPOS;0;[0, 0, 0, 0, 0, 0];[0, 0, 0, 0, 0, 0];[0, 0, 0, 0, 0, 0];[0, 0, 0, 0, 0, 0]
slope;1.19;CMOS_N;C_F_C58_NDBIAS;0;[0, 0, 0, 0, 0, 0];[0, 0, 0, 0, 0, 0];[0, 0, 0, 0, 0, 0];[0, 0, 0, 0, 0, 0]
slope;1.19;CMOS_N;C_F_C58_NDNEG;0;[0, 0, 0, 0, 0, 0];[0, 0, 0, 0, 0, 0];[0, 0, 0, 0, 0, 0];[0, 0, 0, 0, 0, 0]
slope;1.19;CMOS_N;C_F_C58_NDPOS;0;[0, 0, 0, 0, 0, 0];[0, 0, 0, 0, 0, 0];[0, 0, 0, 0, 0, 0];[0, 0, 0, 0, 0, 0]
slope;1.19;CMOS_N;C_F_C59_NDBIAS;0;[0, 0, 0, 0, 0, 0];[0, 0, 0, 0, 0, 0];[0, 0, 0, 0, 0, 0];[0, 0, 0, 0, 0, 0]
slope;1.19;CMOS_N;C_F_C59_NDNEG;0;[0, 0, 0, 0, 0, 0];[0, 0, 0, 0, 0, 0];[0, 0, 0, 0, 0, 0];[0, 0, 0, 0, 0, 0]
slope;1.19;CMOS_N;C_F_C59_NDPOS;0;[0, 0, 0, 0, 0, 0];[0, 0, 0, 0, 0, 0];[0, 0, 0, 0, 0, 0];[0, 0, 0, 0, 0, 0]
slope;1.19;CMOS_N;C_F_C5_NDBIAS;0;[0, 0, 0, 0, 0, 0];[0, 0, 0, 0, 0, 0];[0, 0, 0, 0, 0, 0];[0, 0, 0, 0, 0, 0]
slope;1.19;CMOS_N;C_F_C5_NDNEG;0;[0, 0, 0, 0, 0, 0];[0, 0, 0, 0, 0, 0];[0, 0, 0, 0, 0, 0];[0, 0, 0, 0, 0, 0]
slope;1.19;CMOS_N;C_F_C5_NDPOS;0;[0, 0, 0, 0, 0, 0];[0, 0, 0, 0, 0, 0];[0, 0, 0, 0, 0, 0];[0, 0, 0, 0, 0, 0]
slope;1.19;CMOS_N;C_F_C60_NDBIAS;0;[0, 0, 0, 0, 0, 0];[0, 0, 0, 0, 0, 0];[0, 0, 0, 0, 0, 0];[0, 0, 0, 0, 0, 0]
slope;1.19;CMOS_N;C_F_C60_NDNEG;0;[0, 0, 0, 0, 0, 0];[0, 0, 0, 0, 0, 0];[0, 0, 0, 0, 0, 0];[0, 0, 0, 0, 0, 0]
slope;1.19;CMOS_N;C_F_C60_NDPOS;0;[0, 0, 0, 0, 0, 0];[0, 0, 0, 0, 0, 0];[0, 0, 0, 0, 0, 0];[0, 0, 0, 0, 0, 0]
slope;1.19;CMOS_N;C_F_C61_NDBIAS;0;[0, 0, 0, 0, 0, 0];[0, 0, 0, 0, 0, 0];[0, 0, 0, 0, 0, 0];[0, 0, 0, 0, 0, 0]
slope;1.19;CMOS_N;C_F_C61_NDNEG;0;[0, 0, 0, 0, 0, 0];[0, 0, 0, 0, 0, 0];[0, 0, 0, 0, 0, 0];[0, 0, 0, 0, 0, 0]
slope;1.19;CMOS_N;C_F_C61_NDPOS;0;[0, 0, 0, 0, 0, 0];[0, 0, 0, 0, 0, 0];[0, 0, 0, 0, 0, 0];[0, 0, 0, 0, 0, 0]
slope;1.19;CMOS_N;C_F_C62_NDBIAS;0;[0, 0, 0, 0, 0, 0];[0, 0, 0, 0, 0, 0];[0, 0, 0, 0, 0, 0];[0, 0, 0, 0, 0, 0]
slope;1.19;CMOS_N;C_F_C62_NDNEG;0;[0, 0, 0, 0, 0, 0];[0, 0, 0, 0, 0, 0];[0, 0, 0, 0, 0, 0];[0, 0, 0, 0, 0, 0]
slope;1.19;CMOS_N;C_F_C62_NDPOS;0;[0, 0, 0, 0, 0, 0];[0, 0, 0, 0, 0, 0];[0, 0, 0, 0, 0, 0];[0, 0, 0, 0, 0, 0]
slope;1.19;CMOS_N;C_F_C63_NDBIAS;0;[0, 0, 0, 0, 0, 0];[0, 0, 0, 0, 0, 0];[0, 0, 0, 0, 0, 0];[0, 0, 0, 0, 0, 0]
slope;1.19;CMOS_N;C_F_C63_NDNEG;0;[0, 0, 0, 0, 0, 0];[0, 0, 0, 0, 0, 0];[0, 0, 0, 0, 0, 0];[0, 0, 0, 0, 0, 0]
slope;1.19;CMOS_N;C_F_C63_NDPOS;0;[0, 0, 0, 0, 0, 0];[0, 0, 0, 0, 0, 0];[0, 0, 0, 0, 0, 0];[0, 0, 0, 0, 0, 0]
slope;1.19;CMOS_N;C_F_C6_NDBIAS;0;[0, 0, 0, 0, 0, 0];[0, 0, 0, 0, 0, 0];[0, 0, 0, 0, 0, 0];[0, 0, 0, 0, 0, 0]
slope;1.19;CMOS_N;C_F_C6_NDNEG;0;[0, 0, 0, 0, 0, 0];[0, 0, 0, 0, 0, 0];[0, 0, 0, 0, 0, 0];[0, 0, 0, 0, 0, 0]
slope;1.19;CMOS_N;C_F_C6_NDPOS;0;[0, 0, 0, 0, 0, 0];[0, 0, 0, 0, 0, 0];[0, 0, 0, 0, 0, 0];[0, 0, 0, 0, 0, 0]
slope;1.19;CMOS_N;C_F_C7_NDBIAS;0;[0, 0, 0, 0, 0, 0];[0, 0, 0, 0, 0, 0];[0, 0, 0, 0, 0, 0];[0, 0, 0, 0, 0, 0]
slope;1.19;CMOS_N;C_F_C7_NDNEG;0;[0, 0, 0, 0, 0, 0];[0, 0, 0, 0, 0, 0];[0, 0, 0, 0, 0, 0];[0, 0, 0, 0, 0, 0]
slope;1.19;CMOS_N;C_F_C7_NDPOS;0;[0, 0, 0, 0, 0, 0];[0, 0, 0, 0, 0, 0];[0, 0, 0, 0, 0, 0];[0, 0, 0, 0, 0, 0]
slope;1.19;CMOS_N;C_F_C8_NDBIAS;0;[0, 0, 0, 0, 0, 0];[0, 0, 0, 0, 0, 0];[0, 0, 0, 0, 0, 0];[0, 0, 0, 0, 0, 0]
slope;1.19;CMOS_N;C_F_C8_NDNEG;0;[0, 0, 0, 0, 0, 0];[0, 0, 0, 0, 0, 0];[0, 0, 0, 0, 0, 0];[0, 0, 0, 0, 0, 0]
slope;1.19;CMOS_N;C_F_C8_NDPOS;0;[0, 0, 0, 0, 0, 0];[0, 0, 0, 0, 0, 0];[0, 0, 0, 0, 0, 0];[0, 0, 0, 0, 0, 0]
slope;1.19;CMOS_N;C_F_C9_NDBIAS;0;[0, 0, 0, 0, 0, 0];[0, 0, 0, 0, 0, 0];[0, 0, 0, 0, 0, 0];[0, 0, 0, 0, 0, 0]
slope;1.19;CMOS_N;C_F_C9_NDNEG;0;[0, 0, 0, 0, 0, 0];[0, 0, 0, 0, 0, 0];[0, 0, 0, 0, 0, 0];[0, 0, 0, 0, 0, 0]
slope;1.19;CMOS_N;C_F_C9_NDPOS;0;[0, 0, 0, 0, 0, 0];[0, 0, 0, 0, 0, 0];[0, 0, 0, 0, 0, 0];[0, 0, 0, 0, 0, 0]
slope;1.19;CMOS_N;Q1;0;[0, 0, 0, 0, 0, 0];[0, 0, 0, 0, 0, 0];[0, 0, 0, 0, 0, 0];[1.0000001510000001, 0, 0, 0, 0, 0]
slope;1.19;CMOS_N;Q10;0;[0, 0, 0, 0, 0, 0];[0, 0, 0, 0, 0, 0];[0, 0, 0, 0, 0, 0];[0, 0, 0, 0, 0, 0]
slope;1.19;CMOS_N;Q11;0;[0, 0, 0, 0, 0, 0];[0, 0, 0, 0, 0, 0];[0, 0, 0, 0, 0, 0];[0, 0, 0, 0, 0, 0]
slope;1.19;CMOS_N;Q12;0;[0, 0, 0, 0, 0, 0];[0, 0, 0, 0, 0, 0];[0, 0, 0, 0, 0, 0];[0, 0, 0, 0, 0, 0]
slope;1.19;CMOS_N;Q13;0;[0, 0, 0, 0, 0, 0];[0, 0, 0, 0, 0, 0];[0, 0, 0, 0, 0, 0];[0, 0, 0, 0, 0, 0]
slope;1.19;CMOS_N;Q14;0;[0, 0, 0, 0, 0, 0];[0, 0, 0, 0, 0, 0];[0, 0, 0, 0, 0, 0];[0, 0, 0, 0, 0, 0]
slope;1.19;CMOS_N;Q15;0;[0, 0, 0, 0, 0, 0];[0, 0, 0, 0, 0, 0];[0, 0, 0, 0, 0, 0];[0, 0, 0, 0, 0, 0]
slope;1.19;CMOS_N;Q16;0;[0, 0, 0, 0, 0, 0];[0, 0, 0, 0, 0, 0];[0, 0, 0, 0, 0, 0];[0, 0, 0, 0, 1.0000208100000001, 0]
slope;1.19;CMOS_N;Q17;0;[0, 0, 0, 0, 0, 0];[0, 0, 0, 0, 0, 0];[0, 0, 0, 0, 0, 0];[0, 0, 0, 0, 0, 0]
slope;1.19;CMOS_N;Q18;0;[0, 0, 0, 0, 0, 0];[0, 0, 0, 0, 0, 0];[0, 0, 0, 0, 0, 0];[0, 0, 0, 0, 0, 0]
slope;1.19;CMOS_N;Q19;0;[0, 0, 0, 0, 0, 0];[0, 0, 0, 0, 0, 0];[0, 0, 0, 0, 0, 0];[0, 0, 0, 0, 0, 0]
slope;1.19;CMOS_N;Q2;0;[0, 0, 0, 0, 0, 0];[0, 0, 0, 0, 0, 0];[0, 0, 0, 0, 0, 0];[0, 0, 0, 0, 0, 0]
slope;1.19;CMOS_N;Q20;0;[0, 0, 0, 0, 0, 0];[0, 0, 0, 0, 0, 0];[0, 0, 0, 0, 0, 0];[1.0000000550000001, 0, 0, 0, 0, 0]
slope;1.19;CMOS_N;Q21;0;[0, 0, 0, 0, 0, 0];[0, 0, 0, 0, 0, 0];[0, 0, 0, 0, 0, 0];[0, 0, 0, 0, 0, 0]
slope;1.19;CMOS_N;Q22;0;[0, 0, 0, 0, 0, 0];[0, 0, 0, 0, 0, 0];[0, 0, 0, 0, 0, 0];[0, 0, 0, 0, 0, 0]
slope;1.19;CMOS_N;Q23;0;[0, 0, 0, 0, 0, 0];[0, 0, 0, 0, 0, 0];[0, 0, 0, 0, 0, 0];[0, 0, 0, 0, 0, 0]
slope;1.19;CMOS_N;Q24;0;[0, 0, 0, 0, 0, 0];[0, 0, 0, 0, 0, 0];[0, 0, 0, 0, 0, 0];[0, 0, 0, 0, 0, 0]
slope;1.19;CMOS_N;Q25;0;[0, 0, 0, 0, 0, 0];[0, 0, 0, 0, 0, 0];[0, 0, 0, 0, 0, 0];[0, 0, 0, 0, 0, 0]
slope;1.19;CMOS_N;Q26;0;[0, 0, 0, 0, 0, 0];[0, 0, 0, 0, 0, 0];[0, 0, 0, 0, 0, 0];[0, 0, 0, 0, 0, 0]
slope;1.19;CMOS_N;Q27;0;[0, 0, 0, 0, 0, 0];[0, 0, 0, 0, 0, 0];[0, 0, 0, 0, 0, 0];[0, 0, 0, 0, 0, 0]
slope;1.19;CMOS_N;Q28;0;[0, 0, 0, 0, 0, 0];[0, 0, 0, 0, 0, 0];[0, 0, 0, 0, 0, 0];[0, 0, 0, 0, 0, 0]
slope;1.19;CMOS_N;Q29;0;[0, 0, 0, 0, 0, 0];[0, 0, 0, 0, 0, 0];[0, 0, 0, 0, 0, 0];[0, 0, 0, 0, 0, 0]
slope;1.19;CMOS_N;Q3;0;[0, 0, 0, 0, 0, 0];[0, 0, 0, 0, 0, 0];[0, 0, 0, 0, 0, 0];[0, 0, 0, 0, 0, 0]
slope;1.19;CMOS_N;Q30;0;[0, 0, 0, 0, 0, 0];[0, 0, 0, 0, 0, 0];[0, 0, 0, 0, 0, 0];[0, 0, 0, 0, 0, 0]
slope;1.19;CMOS_N;Q31;0;[0, 0, 0, 0, 0, 0];[0, 0, 0, 0, 0, 0];[0, 0, 0, 0, 0, 0];[0, 0, 0, 0, 0, 0]
slope;1.19;CMOS_N;Q33;0;[0, 0, 0, 0, 0, 0];[0, 0, 0, 0, 0, 0];[0, 0, 0, 0, 0, 0];[0, 0, 0, 0, 0, 0]
slope;1.19;CMOS_N;Q34;0;[0, 0, 0, 0, 0, 0];[0, 0, 0, 0, 0, 0];[0, 0, 0, 0, 0, 0];[0, 0, 0, 0, 0, 0]
slope;1.19;CMOS_N;Q35;0;[0, 0, 0, 0, 0, 0];[0, 0, 0, 0, 0, 0];[0, 0, 0, 0, 0, 0];[0, 0, 0, 0, 0, 0]
slope;1.19;CMOS_N;Q36;0;[0, 0, 0, 0, 0, 0];[0, 0, 0, 0, 0, 0];[0, 0, 0, 0, 0, 0];[0, 0, 0, 0, 0, 0]
slope;1.19;CMOS_N;Q37;0;[0, 0, 0, 0, 0, 0];[0, 0, 0, 0, 0, 0];[0, 0, 0, 0, 0, 0];[0, 0, 0, 0, 0, 0]
slope;1.19;CMOS_N;Q38;0;[0, 0, 0, 0, 0, 0];[0, 0, 0, 0, 0, 0];[0, 0, 0, 0, 0, 0];[0, 0, 0, 0, 0, 0]
slope;1.19;CMOS_N;Q39;0;[0, 0, 0, 0, 0, 0];[0, 0, 0, 0, 0, 0];[0, 0, 0, 0, 0, 0];[0, 0, 0, 0, 0, 0]
slope;1.19;CMOS_N;Q4;0;[0, 0, 0, 0, 0, 0];[0, 0, 0, 0, 0, 0];[0, 0, 0, 0, 0, 0];[0, 0, 0, 0, 0, 0]
slope;1.19;CMOS_N;Q40;0;[0, 0, 0, 0, 0, 0];[0, 0, 0, 0, 0, 0];[0, 0, 0, 0, 0, 0];[0, 0, 0, 0, 0, 0]
slope;1.19;CMOS_N;Q41;0;[0, 0, 0, 0, 0, 0];[0, 0, 0, 0, 0, 0];[0, 0, 0, 0, 0, 0];[0, 0, 0, 0, 0, 0]
slope;1.19;CMOS_N;Q42;0;[0, 0, 0, 0, 0, 0];[0, 0, 0, 0, 0, 0];[0, 0, 0, 0, 0, 0];[0, 0, 0, 0, 0, 0]
slope;1.19;CMOS_N;Q43;0;[0, 0, 0, 0, 0, 0];[0, 0, 0, 0, 0, 0];[0, 0, 0, 0, 0, 0];[0, 0, 0, 0, 0, 0]
slope;1.19;CMOS_N;Q44;0;[0, 0, 0, 0, 0, 0];[0, 0, 0, 0, 0, 0];[0, 0, 0, 0, 0, 0];[0, 0, 0, 0, 0, 0]
slope;1.19;CMOS_N;Q45;0;[0, 0, 0, 0, 0, 0];[0, 0, 0, 0, 0, 0];[0, 0, 0, 0, 0, 0];[0, 0, 0, 0, 0, 0]
slope;1.19;CMOS_N;Q46;0;[0, 0, 0, 0, 0, 0];[0, 0, 0, 0, 0, 0];[0, 0, 0, 0, 0, 0];[0, 0, 0, 0, 0, 0]
slope;1.19;CMOS_N;Q47;0;[0, 0, 0, 0, 0, 0];[0, 0, 0, 0, 0, 0];[0, 0, 0, 0, 0, 0];[0, 0, 0, 0, 0, 0]
slope;1.19;CMOS_N;Q48;0;[0, 0, 0, 0, 0, 0];[0, 0, 0, 0, 0, 0];[0, 0, 0, 0, 0, 0];[0, 0, 0, 0, 1.000002069, 0]
slope;1.19;CMOS_N;Q49;0;[0, 0, 0, 0, 0, 0];[0, 0, 0, 0, 0, 0];[0, 0, 0, 0, 0, 0];[0, 0, 0, 0, 0, 0]
slope;1.19;CMOS_N;Q5;0;[0, 0, 0, 0, 0, 0];[0, 0, 0, 0, 0, 0];[0, 0, 0, 0, 0, 0];[0, 0, 0, 0, 0, 0]
slope;1.19;CMOS_N;Q50;0;[0, 0, 0, 0, 0, 0];[0, 0, 0, 0, 0, 0];[0, 0, 0, 0, 0, 0];[0, 0, 0, 0, 0, 0]
slope;1.19;CMOS_N;Q51;0;[0, 0, 0, 0, 0, 0];[0, 0, 0, 0, 0, 0];[0, 0, 0, 0, 0, 0];[0, 0, 0, 0, 0, 0]
slope;1.19;CMOS_N;Q52;0;[0, 0, 0, 0, 0, 0];[0, 0, 0, 0, 0, 0];[0, 0, 0, 0, 0, 0];[0, 0, 0, 0, 0, 0]
slope;1.19;CMOS_N;Q53;0;[0, 0, 0, 0, 0, 0];[0, 0, 0, 0, 0, 0];[0, 0, 0, 0, 0, 0];[0, 0, 0, 0, 0, 0]
slope;1.19;CMOS_N;Q54;0;[0, 0, 0, 0, 0, 0];[0, 0, 0, 0, 0, 0];[0, 0, 0, 0, 0, 0];[0, 0, 0, 0, 0, 0]
slope;1.19;CMOS_N;Q55;0;[0, 0, 0, 0, 0, 0];[0, 0, 0, 0, 0, 0];[0, 0, 0, 0, 0, 0];[0, 0, 0, 0, 0, 0]
slope;1.19;CMOS_N;Q56;0;[0, 0, 0, 0, 0, 0];[0, 0, 0, 0, 0, 0];[0, 0, 0, 0, 0, 0];[0, 0, 0, 0, 0, 0]
slope;1.19;CMOS_N;Q57;0;[0, 0, 0, 0, 0, 0];[0, 0, 0, 0, 0, 0];[0, 0, 0, 0, 0, 0];[0, 0, 0, 0, 0, 0]
slope;1.19;CMOS_N;Q58;0;[0, 0, 0, 0, 0, 0];[0, 0, 0, 0, 0, 0];[0, 0, 0, 0, 0, 0];[0, 0, 0, 0, 0, 0]
slope;1.19;CMOS_N;Q59;0;[0, 0, 0, 0, 0, 0];[0, 0, 0, 0, 0, 0];[0, 0, 0, 0, 0, 0];[0, 0, 0, 0, 0, 0]
slope;1.19;CMOS_N;Q6;0;[0, 0, 0, 0, 0, 0];[0, 0, 0, 0, 0, 0];[0, 0, 0, 0, 0, 0];[0, 0, 0, 0, 0, 0]
slope;1.19;CMOS_N;Q60;0;[0, 0, 0, 0, 0, 0];[0, 0, 0, 0, 0, 0];[0, 0, 0, 0, 0, 0];[0, 0, 0, 0, 0, 0]
slope;1.19;CMOS_N;Q61;0;[0, 0, 0, 0, 0, 0];[0, 0, 0, 0, 0, 0];[0, 0, 0, 0, 0, 0];[0, 0, 0, 0, 0, 0]
slope;1.19;CMOS_N;Q62;0;[0, 0, 0, 0, 0, 0];[0, 0, 0, 0, 0, 0];[0, 0, 0, 0, 0, 0];[0, 0, 0, 0, 0, 0]
slope;1.19;CMOS_N;Q63;0;[0, 0, 0, 0, 0, 0];[0, 0, 0, 0, 0, 0];[0, 0, 0, 0, 0, 0];[0, 0, 0, 0, 0, 0]
slope;1.19;CMOS_N;Q7;0;[0, 0, 0, 0, 0, 0];[0, 0, 0, 0, 0, 0];[0, 0, 0, 0, 0, 0];[0, 0, 0, 0, 0, 0]
slope;1.19;CMOS_N;Q8;0;[0, 0, 0, 0, 0, 0];[0, 0, 0, 0, 0, 0];[0, 0, 0, 0, 0, 0];[0, 0, 0, 0, 0, 0]
slope;1.19;CMOS_N;Q9;0;[0, 0, 0, 0, 0, 0];[0, 0, 0, 0, 0, 0];[0, 0, 0, 0, 0, 0];[0, 0, 0, 0, 0, 0]
